SalePrice,1stFlrSF,2ndFlrSF,MSSubClass,LotArea,OverallCond,GrLivArea,FullBath,BedroomAbvGr,KitchenAbvGr,TotRmsAbvGrd
208500,856,854,60,8450,5,1710,2,3,1,8
181500,1262,0,20,9600,8,1262,2,3,1,6
223500,920,866,60,11250,5,1786,2,3,1,6
140000,961,756,70,9550,5,1717,1,3,1,7
250000,1145,1053,60,14260,5,2198,2,4,1,9
143000,796,566,50,14115,5,1362,1,1,1,5
307000,1694,0,20,10084,5,1694,2,3,1,7
200000,1107,983,60,10382,6,2090,2,3,1,7
129900,1022,752,50,6120,5,1774,2,2,2,8
118000,1077,0,190,7420,6,1077,1,2,2,5
129500,1040,0,20,11200,5,1040,1,3,1,5
345000,1182,1142,60,11924,5,2324,3,4,1,11
144000,912,0,20,12968,6,912,1,2,1,4
279500,1494,0,20,10652,5,1494,2,3,1,7
157000,1253,0,20,10920,5,1253,1,2,1,5
132000,854,0,45,6120,8,854,1,2,1,5
149000,1004,0,20,11241,7,1004,1,2,1,5
90000,1296,0,90,10791,5,1296,2,2,2,6
159000,1114,0,20,13695,5,1114,1,3,1,6
139000,1339,0,20,7560,6,1339,1,3,1,6
325300,1158,1218,60,14215,5,2376,3,4,1,9
139400,1108,0,45,7449,7,1108,1,3,1,6
230000,1795,0,20,9742,5,1795,2,3,1,7
129900,1060,0,120,4224,7,1060,1,3,1,6
154000,1060,0,20,8246,8,1060,1,3,1,6
256300,1600,0,20,14230,5,1600,2,3,1,7
134800,900,0,20,7200,7,900,1,3,1,5
306000,1704,0,20,11478,5,1704,2,3,1,7
207500,1600,0,20,16321,6,1600,1,2,1,6
68500,520,0,30,6324,6,520,1,1,1,4
40000,649,668,70,8500,4,1317,1,3,1,6
149350,1228,0,20,8544,6,1228,1,3,1,6
179900,1234,0,20,11049,5,1234,2,3,1,7
165500,1700,0,20,10552,5,1700,1,4,1,6
277500,1561,0,120,7313,5,1561,2,2,1,6
309000,1132,1320,60,13418,5,2452,3,4,1,9
145000,1097,0,20,10859,5,1097,1,3,1,6
153000,1297,0,20,8532,6,1297,1,3,1,5
109000,1057,0,20,7922,7,1057,1,3,1,5
82000,1152,0,90,6040,5,1152,2,2,2,6
160000,1324,0,20,8658,5,1324,2,3,1,6
170000,1328,0,20,16905,6,1328,1,2,1,5
144000,884,0,85,9180,7,884,1,2,1,5
130250,938,0,20,9200,6,938,1,3,1,5
141000,1150,0,20,7945,6,1150,1,3,1,6
319900,1752,0,120,7658,5,1752,2,2,1,6
239686,1518,631,50,12822,5,2149,1,1,1,6
249700,1656,0,20,11096,5,1656,2,3,1,7
113000,736,716,190,4456,5,1452,2,2,3,8
127000,955,0,20,7742,7,955,1,3,1,6
177000,794,676,60,13869,6,1470,2,3,1,6
114500,816,0,50,6240,6,1176,1,3,1,6
110000,816,0,90,8472,5,816,1,2,1,5
385000,1842,0,20,50271,5,1842,0,0,1,5
130000,1360,0,80,7134,5,1360,1,3,1,6
180500,1425,0,20,10175,5,1425,2,3,1,7
172500,983,756,160,2645,5,1739,2,3,1,7
196500,860,860,60,11645,5,1720,2,3,1,7
438780,1426,1519,60,13682,5,2945,3,3,1,10
124900,780,0,20,7200,7,780,1,2,1,4
158000,1158,0,20,13072,5,1158,1,3,1,5
101000,581,530,75,7200,7,1111,1,3,1,6
202500,1370,0,120,6442,5,1370,2,2,1,6
140000,902,808,70,10300,6,1710,2,3,1,9
219500,1057,977,60,9375,5,2034,2,3,1,8
317000,1143,1330,60,9591,5,2473,2,4,1,9
180000,2207,0,20,19900,5,2207,2,3,1,7
226000,1479,0,20,10665,5,1479,2,3,1,7
80000,747,0,30,4608,6,747,1,2,1,4
225000,1304,983,50,15593,4,2287,2,3,1,7
244000,2223,0,20,13651,6,2223,2,3,1,8
129500,845,0,20,7599,6,845,1,2,1,4
185000,885,833,60,10141,5,1718,2,3,1,7
144900,1086,0,20,10200,7,1086,1,3,1,6
107400,840,765,50,5790,6,1605,2,3,2,8
91000,526,462,180,1596,5,988,1,2,1,5
135750,952,0,20,8475,7,952,1,2,1,4
127000,1072,213,50,8635,5,1285,1,2,1,6
136500,1768,0,90,10778,5,1768,2,4,2,8
110000,682,548,50,10440,6,1230,1,2,1,5
193500,1182,960,60,13000,6,2142,2,4,1,8
153500,1337,0,120,4500,5,1337,2,2,1,5
245000,1563,0,20,10206,5,1563,2,3,1,6
126500,1065,0,20,8892,5,1065,1,3,1,6
168500,804,670,80,8530,5,1474,2,3,1,7
260000,1301,1116,60,16059,5,2417,2,4,1,9
174000,684,876,60,11911,5,1560,2,3,1,6
164500,612,612,160,3951,5,1224,2,2,1,4
85000,1013,0,50,8470,2,1526,1,2,1,6
123600,990,0,20,8070,5,990,1,3,1,5
109900,1040,0,20,7200,5,1040,1,2,1,4
98600,1235,0,20,8500,3,1235,1,2,1,6
163500,964,0,30,13360,7,964,1,2,1,5
133900,1260,1031,190,7200,6,2291,2,4,2,9
204750,905,881,60,9337,5,1786,2,3,1,7
185000,680,790,60,9765,8,1470,2,3,1,6
214000,1588,0,20,10264,5,1588,2,3,1,6
94750,960,0,20,10921,5,960,1,3,1,6
83000,835,0,30,10625,5,835,1,2,1,5
128950,1225,0,20,9320,5,1225,1,3,1,6
205000,1610,0,20,10603,7,1610,2,3,1,6
178000,977,755,60,9206,5,1732,2,3,1,7
118964,1535,0,90,7018,5,1535,2,4,2,8
198900,1226,0,20,10402,5,1226,2,3,1,6
169500,1226,592,50,7758,4,1818,1,4,1,7
250000,1053,939,60,9375,5,1992,2,3,1,9
100000,1047,0,30,10800,7,1047,1,2,1,6
115000,789,0,20,6000,5,789,1,2,1,5
115000,997,520,50,8500,7,1517,2,3,1,7
190000,1844,0,20,11751,6,1844,2,3,1,7
136900,1216,639,50,9525,4,1855,2,4,1,7
180000,774,656,80,7750,5,1430,2,3,1,7
383970,1282,1414,60,9965,5,2696,2,4,1,10
217000,2259,0,20,21000,5,2259,2,3,1,7
259500,1436,884,70,7259,8,2320,2,3,1,9
176000,729,729,160,3230,5,1458,2,2,1,5
139000,1092,0,20,11616,5,1092,1,3,1,6
155000,1125,0,20,8536,5,1125,1,2,1,5
320000,1699,1523,60,12376,5,3222,3,5,1,11
163990,728,728,60,8461,5,1456,2,3,1,8
180000,988,0,80,21453,5,988,1,1,1,4
100000,772,351,50,6060,5,1123,1,3,1,4
136000,1080,0,20,9464,7,1080,1,3,1,5
153900,1199,0,120,7892,5,1199,2,2,1,5
181000,1586,0,20,17043,5,1586,2,3,1,7
84500,520,0,190,6780,8,754,1,2,1,5
128000,958,0,120,4928,5,958,2,2,1,5
87000,840,0,45,4388,7,840,1,3,1,5
155000,660,688,60,7590,5,1348,1,3,1,6
150000,1053,0,20,8973,7,1053,1,3,1,6
226000,1216,941,60,14200,6,2157,2,4,1,8
244000,1022,1032,60,12224,5,2054,2,3,1,7
150750,1327,0,20,7388,6,1327,1,3,1,7
220000,1296,0,20,6853,5,1296,2,2,1,6
180000,1721,0,20,10335,6,1721,2,3,1,7
174000,1682,0,20,10400,6,1682,2,3,1,7
143000,1214,0,20,10355,5,1214,2,3,1,5
171000,1959,0,90,11070,5,1959,3,5,2,9
230000,1004,848,60,9066,5,1852,2,3,1,7
231500,928,836,60,15426,5,1764,2,3,1,7
115000,864,0,20,10500,5,864,1,3,1,5
260000,1734,0,20,11645,5,1734,2,3,1,7
166000,910,475,50,8520,4,1385,2,4,1,6
204000,1501,0,20,10335,5,1501,2,3,1,6
125000,1728,0,90,9100,5,1728,2,6,2,10
130000,970,739,160,2522,5,1709,2,3,1,7
105000,875,0,30,6120,7,875,1,2,1,5
222500,884,1151,60,9505,5,2035,2,3,1,8
141000,1080,0,20,7500,5,1080,1,3,1,6
115000,896,448,50,6240,4,1344,1,3,1,7
122000,969,0,20,10356,6,969,1,3,1,5
372402,1710,0,20,13891,5,1710,2,2,1,6
190000,1097,896,60,14803,5,1993,2,4,1,8
235000,1252,0,20,13500,7,1252,1,1,1,4
125000,1200,0,30,11340,5,1200,1,4,1,7
79000,572,524,50,9600,5,1096,1,2,1,5
109500,1040,0,20,7200,7,1040,1,2,1,5
269500,774,1194,60,12003,5,1968,2,4,1,8
254900,991,956,60,12552,5,1947,2,3,1,8
320000,1392,1070,60,19378,5,2462,2,4,1,9
162500,1232,0,20,11120,6,1232,2,3,1,6
412500,1572,1096,60,13688,5,2668,2,3,1,10
220000,1541,0,20,12182,5,1541,2,3,1,7
103200,882,0,45,5500,6,882,1,1,1,4
152000,1149,467,40,5400,7,1616,2,3,1,5
127500,808,547,190,10106,7,1355,2,4,2,6
190000,1867,0,20,10708,5,1867,1,2,1,7
325624,1610,551,60,10562,5,2161,1,3,1,8
183500,840,880,60,8244,5,1720,2,3,1,7
228000,1707,0,20,16669,6,1707,2,2,1,6
128500,854,0,50,12358,6,1382,1,2,1,7
215000,1656,0,20,31770,5,1656,1,3,1,7
239000,1064,703,160,5306,7,1767,2,2,1,5
163000,1362,0,20,10197,5,1362,1,3,1,6
184000,1651,0,20,12416,5,1651,2,3,1,7
243000,2158,0,20,12615,7,2158,2,4,1,7
211000,1164,896,60,10029,5,2060,2,4,1,8
172500,1252,668,50,13650,5,1920,2,4,1,8
501837,2234,0,20,17423,5,2234,2,1,1,9
100000,968,0,30,8520,6,968,1,2,1,5
177000,769,756,160,2117,5,1525,2,3,1,5
200100,901,901,70,7588,6,1802,1,4,1,9
120000,1340,0,20,9060,6,1340,1,3,1,7
200000,1362,720,50,11426,5,2082,2,3,1,6
127000,936,316,50,7438,8,1252,1,3,1,5
475000,1518,1518,75,22950,9,3608,2,4,1,12
173000,1217,0,80,9947,5,1217,2,3,1,6
135000,808,704,50,10410,7,1656,2,3,1,8
153337,1224,0,90,7018,5,1224,0,2,2,6
286000,1593,0,120,4923,5,1593,1,0,1,5
315000,1549,1178,70,10570,8,2727,2,3,1,10
184000,725,754,60,7472,9,1479,1,4,1,7
192000,1431,0,20,9017,5,1431,2,3,1,6
130000,970,739,160,2522,5,1709,2,3,1,7
127000,864,0,20,7180,7,864,1,3,1,5
148500,855,601,160,2280,6,1456,2,3,1,7
311872,1726,0,20,9416,5,1726,2,3,1,8
235000,1360,1360,75,25419,4,3112,2,4,1,8
104000,929,929,75,5520,6,2229,1,5,1,8
274900,1713,0,20,9591,5,1713,2,3,1,7
140000,1121,0,20,8546,5,1121,2,2,1,5
171500,1279,0,20,10125,6,1279,2,3,1,6
112000,865,445,50,7000,6,1310,2,2,1,6
149000,848,0,120,4438,5,848,1,1,1,3
110000,720,564,50,3500,7,1284,1,2,1,5
180500,1442,0,20,11851,5,1442,2,3,1,5
143900,1696,0,20,13673,5,1696,1,3,1,8
141000,1100,0,20,12493,5,1100,1,3,1,6
277000,1180,882,60,14364,5,2062,2,3,1,7
145000,1092,0,20,8250,7,1092,1,3,1,6
98000,864,0,30,5604,6,864,1,2,1,5
186000,1212,0,20,10420,5,1212,2,3,1,6
252678,932,920,60,8640,5,1852,2,3,1,7
156000,990,0,20,13568,5,990,1,3,1,5
161750,689,703,60,10900,7,1392,1,3,1,6
134450,1236,0,20,10011,6,1236,1,2,1,6
210000,1436,0,20,8450,5,1436,2,3,1,8
107000,810,518,70,9906,4,1328,1,3,1,8
311500,1137,817,50,15660,9,1954,1,3,1,8
167240,1248,0,120,3010,5,1248,2,2,1,5
204900,1498,0,20,8990,5,1498,2,2,1,5
200000,1010,1257,60,8068,5,2267,2,4,1,8
179900,811,741,60,11475,6,1552,2,3,1,6
97000,864,0,20,10500,6,864,1,2,1,4
386250,2392,0,20,13472,5,2392,2,3,1,8
112000,630,672,160,1680,5,1302,2,3,1,6
290000,1214,1306,60,9950,5,2520,2,4,1,9
106000,483,504,160,1869,6,987,1,2,1,5
125000,912,0,20,8521,5,912,1,3,1,5
192500,1555,0,120,3182,5,1555,2,2,1,7
148000,1194,0,20,8760,6,1194,1,3,1,6
403000,1490,1304,60,15138,5,2794,2,4,1,9
94500,483,504,160,1680,5,987,1,2,1,5
128200,894,0,20,10650,6,894,1,3,1,5
216500,860,1100,60,7851,5,1960,2,4,1,8
89500,483,504,160,1680,3,987,1,2,1,5
185500,1414,0,20,8773,5,1414,2,3,1,6
194500,1014,730,60,9453,7,1744,2,3,1,7
318000,1694,0,20,12030,5,1694,2,3,1,7
113000,798,689,50,8741,4,1487,1,3,1,7
262500,1566,0,20,9000,5,1566,2,3,1,7
110500,866,0,30,3880,9,866,1,2,1,4
79000,889,551,50,5000,4,1440,1,3,1,6
120000,626,591,160,10762,6,1217,1,3,1,6
205000,1222,888,60,8880,5,2110,2,3,1,8
241500,1872,0,20,10400,5,1872,2,3,1,6
137000,908,1020,190,9142,8,1928,2,4,2,9
140000,1375,0,20,11310,5,1375,1,2,1,5
180000,840,828,60,11317,5,1668,2,3,1,8
277000,1444,700,50,159000,7,2144,2,4,1,7
76500,1306,0,30,5350,2,1306,1,3,1,6
235000,1625,0,120,4750,5,1625,2,2,1,5
173000,798,842,60,8366,5,1640,2,3,1,6
158000,1302,0,80,9350,7,1302,2,3,1,7
145000,1314,0,20,8400,6,1314,1,3,1,5
230000,1005,1286,60,8738,5,2291,2,4,1,8
207500,864,864,60,8791,5,1728,2,3,1,7
220000,1604,0,20,8814,5,1604,2,3,1,8
231500,963,829,60,12435,5,1792,2,3,1,7
97000,882,0,20,12702,5,882,1,2,1,4
176000,1382,0,80,19296,5,1382,1,3,1,6
276000,1482,1092,60,9588,5,2574,2,3,1,10
151000,1212,0,80,8471,7,1212,1,3,1,6
130000,926,0,50,5500,7,1316,1,3,1,6
73000,764,0,30,5232,5,764,1,2,1,4
175500,1422,0,20,12090,6,1422,2,3,1,7
185000,802,709,60,11207,5,1511,2,3,1,8
179500,1052,720,75,8400,8,2192,2,4,1,8
120500,778,0,30,6900,6,778,1,2,1,4
148000,1113,0,20,7917,7,1113,1,3,1,6
266000,1095,844,60,10728,5,1939,2,3,1,8
241500,1363,0,20,39104,7,1363,1,2,1,5
290000,1164,1106,60,11764,7,2270,2,4,1,9
139000,1632,0,20,9600,6,1632,2,3,1,6
124500,816,0,20,8314,7,816,1,2,1,5
205000,952,596,50,7264,7,1548,2,3,1,5
201000,1560,0,20,9196,5,1560,2,3,1,7
141000,864,0,20,19138,5,864,1,2,1,4
415298,2121,0,20,14450,5,2121,2,3,1,8
192000,1156,866,60,10005,5,2022,2,4,1,8
228500,1175,807,60,11287,6,1982,2,3,1,7
185000,1262,0,20,7200,5,1262,2,2,1,5
207500,1314,0,120,5063,5,1314,2,2,1,6
244600,1468,0,20,9612,5,1468,2,3,1,6
179200,1575,0,120,8012,5,1575,2,2,1,5
164700,625,625,160,4251,5,1250,2,2,1,5
159000,1085,649,50,9786,7,1734,1,3,1,7
88000,858,0,20,8125,4,858,1,3,1,5
122000,900,0,20,9819,5,900,1,3,1,5
153575,698,698,70,8730,7,1396,1,3,1,7
233230,1079,840,60,15611,5,1919,2,3,1,8
135900,936,780,190,5687,6,1716,2,6,1,9
131000,1148,568,50,11409,4,1716,1,3,1,8
235000,1468,795,60,16659,7,2263,2,3,1,9
167000,1644,0,20,9600,5,1644,1,3,1,7
142500,1003,0,80,7937,6,1003,1,3,1,6
152000,910,648,50,13710,5,1558,1,4,1,6
239000,975,975,60,7399,5,1950,2,3,1,7
175000,1041,702,60,11700,6,1743,1,3,1,7
158500,1152,0,20,14000,8,1152,1,3,1,6
157000,1336,0,190,15750,5,1336,1,2,1,5
267000,1210,1242,60,16226,5,2452,2,4,1,9
205000,1541,0,20,13704,5,1541,2,3,1,6
149900,894,0,20,9800,7,894,1,3,1,5
295000,1675,1818,75,18386,9,3493,3,3,1,10
305900,2000,0,20,10386,5,2000,2,3,1,8
225000,1122,1121,60,13474,5,2243,2,4,1,8
89500,1035,371,50,7920,7,1406,1,3,1,6
82500,861,0,30,12342,5,861,1,1,1,4
360000,1944,0,20,12378,5,1944,2,3,1,8
165600,697,804,60,7685,5,1501,2,3,1,6
132000,972,0,20,8000,6,972,1,2,1,5
119900,793,325,190,7800,7,1118,1,3,1,5
375000,2036,0,20,215245,5,2036,2,3,1,8
178000,832,809,70,9600,7,1641,1,3,1,6
188500,716,716,60,7795,5,1432,2,3,1,6
260000,1153,1200,60,13005,7,2353,2,4,1,10
270000,1088,871,60,9000,5,1959,2,3,1,8
260000,1372,1274,60,9900,5,2646,2,4,1,9
187500,1472,0,80,14115,5,1472,2,3,1,6
342643,1249,1347,60,16259,5,2596,3,4,1,9
354000,1136,1332,60,12099,5,2468,2,4,1,10
301000,1553,1177,60,10380,5,2730,2,4,1,8
126175,1163,0,20,5820,8,1163,1,3,1,6
242000,1898,1080,80,11275,7,2978,2,5,1,11
87000,803,0,45,5000,6,803,1,2,1,5
324000,1719,0,120,10846,5,1719,1,1,1,6
145250,1383,0,20,11600,5,1383,1,3,1,7
214500,1445,689,75,11888,6,2134,2,5,1,10
78000,596,596,70,6402,5,1192,1,3,1,6
119000,1728,0,90,10624,4,1728,2,6,2,10
139000,1056,0,20,8176,6,1056,1,3,1,6
284000,1629,0,20,10655,5,1629,2,3,1,7
207000,1358,0,120,8198,5,1358,2,2,1,6
192000,943,695,60,9042,5,1638,2,3,1,7
228950,1619,167,190,164660,6,1786,2,3,1,7
377426,1922,0,20,14157,5,1922,2,3,1,8
214000,1536,0,20,9135,5,1536,2,3,1,7
202500,1621,0,20,14145,7,1621,2,3,1,8
155000,1215,0,20,12400,7,1215,1,3,1,6
202900,993,915,60,14191,5,1908,2,4,1,9
82000,841,0,20,8400,4,841,1,2,1,4
87500,1040,0,90,8544,4,1040,2,2,2,6
266000,1684,0,120,8849,5,1684,2,2,1,6
85000,536,576,160,2592,3,1112,1,3,1,4
140200,972,605,50,6435,5,1577,1,3,1,6
151500,958,0,20,12772,8,958,1,2,1,5
157500,1478,0,20,17600,5,1478,2,3,1,6
154000,764,862,160,2448,5,1626,2,2,1,6
437154,1848,880,60,20431,5,2728,2,4,1,10
318061,1869,0,120,7820,5,1869,2,2,1,6
190000,1453,0,120,5271,5,1453,1,2,1,6
95000,616,495,50,9084,6,1111,1,3,1,5
105900,720,0,30,8520,8,720,1,2,1,5
140000,1192,403,50,8400,5,1595,1,2,1,6
177500,1200,0,20,11249,5,1200,2,3,1,6
173000,1167,0,20,9248,6,1167,2,3,1,6
134000,1142,0,120,4224,5,1142,1,3,1,6
130000,1352,0,80,6930,4,1352,1,3,1,6
280000,1086,838,60,12011,5,1924,2,3,1,7
156000,912,0,85,7540,6,912,1,2,1,5
145000,988,517,50,9144,5,1505,1,3,1,8
198500,495,1427,85,7301,5,1922,3,4,1,7
118000,483,504,160,1680,8,987,1,2,1,5
190000,790,784,60,18800,5,1574,2,3,1,6
147000,672,672,70,10690,7,1344,1,3,1,6
159000,1394,0,20,9500,5,1394,1,3,1,6
165000,1431,0,80,9150,5,1431,1,3,1,6
132000,1268,0,20,7800,6,1268,1,2,1,7
162000,1287,0,20,9830,7,1287,1,3,1,7
172400,953,711,60,8121,5,1664,2,3,1,7
134432,1120,468,50,17120,4,1588,2,4,1,7
125000,752,0,120,7175,5,752,1,2,1,4
123000,1319,0,20,10634,6,1319,1,3,1,5
219500,847,1081,60,8200,5,1928,2,4,1,8
61000,904,0,30,10020,1,904,0,1,1,4
148000,914,0,85,8846,5,914,1,2,1,5
340000,1580,886,60,11143,5,2466,3,4,1,8
394432,1856,0,20,11394,2,1856,1,1,1,8
179000,1007,793,60,8123,5,1800,2,3,1,7
127000,1026,665,50,5000,6,1691,2,3,1,6
187750,1301,0,20,7200,5,1301,2,2,1,5
213500,939,858,60,9245,5,1797,2,3,1,8
76000,784,0,45,9000,3,784,1,2,1,5
240000,1079,874,60,53107,5,1953,2,3,1,9
192000,1269,0,120,3182,5,1269,2,2,1,6
81000,658,526,50,8410,3,1184,1,5,1,8
125000,1125,0,80,7200,6,1125,1,3,1,6
191000,1479,0,20,9382,5,1479,2,3,1,6
426000,1742,590,60,12474,5,2332,2,3,1,9
119000,961,406,50,8405,8,1367,1,4,1,7
215000,804,1157,60,12209,5,1961,2,3,1,7
106500,882,0,20,8339,7,882,1,3,1,5
100000,788,0,30,7446,5,788,1,2,1,4
109000,735,299,50,10134,6,1034,1,2,1,5
129000,1144,0,20,9571,6,1144,1,3,1,6
123000,894,0,20,7200,5,894,1,2,1,6
169500,876,936,60,7590,5,1812,2,4,1,8
67000,1077,0,30,8967,2,1077,1,2,1,6
241000,1112,438,60,8125,5,1550,2,2,1,7
245500,1288,0,120,14963,5,1288,1,1,1,4
164990,1310,0,20,8767,5,1310,2,3,1,6
108000,672,0,30,10200,8,672,1,2,1,4
258000,1165,1098,60,12090,5,2263,2,4,1,10
168000,806,766,60,10364,5,1572,2,3,1,7
150000,1620,0,20,9991,4,1620,2,3,1,8
115000,1166,0,50,10480,5,1639,1,3,1,6
177000,840,840,70,15576,7,1680,2,4,1,8
280000,1071,1101,60,14154,5,2172,2,3,1,9
339750,1050,1028,60,10800,5,2078,2,3,1,8
60000,1276,0,20,9571,3,1276,1,3,1,5
145000,1056,0,190,34650,5,1056,1,3,1,5
222000,1478,0,20,4403,5,1478,2,2,1,7
115000,1028,0,30,8960,6,1028,1,2,1,5
228000,1080,1017,60,11228,5,2097,2,3,1,9
181134,1340,0,20,8899,5,1340,2,3,1,6
149500,672,728,60,7844,7,1400,1,3,1,6
239000,1370,1254,70,22420,6,2624,2,4,1,10
126000,756,378,50,8160,6,1134,1,3,1,7
142000,1056,0,20,8450,6,1056,1,3,1,6
206300,1344,0,90,7060,5,1344,2,2,2,8
215000,1602,0,20,16635,7,1602,2,3,1,8
113000,988,0,20,21750,5,988,1,2,1,4
315000,1470,1160,60,9200,5,2630,2,4,1,8
139000,1196,0,20,9000,5,1196,1,2,1,6
135000,707,682,60,3378,8,1389,1,3,1,6
275000,1644,0,80,12800,5,1644,2,2,1,5
109008,907,0,20,8593,6,907,1,3,1,5
195400,1208,0,20,6762,5,1208,2,2,1,6
175000,1412,0,20,11457,5,1412,2,3,1,6
85400,483,504,160,1680,5,987,1,2,1,4
79900,1088,110,50,5586,7,1198,1,4,1,7
122500,765,600,160,1920,5,1365,1,2,1,6
181000,926,678,60,10839,5,1604,2,3,1,7
81000,630,0,180,1890,7,630,1,1,1,3
212000,827,834,60,10667,6,1661,2,3,1,6
116000,734,384,50,4400,8,1118,1,2,1,6
119000,904,0,45,6000,7,904,1,2,1,4
90350,694,0,30,4280,6,694,1,2,1,4
110000,684,512,50,12354,8,1196,1,3,1,7
555000,2402,0,20,15431,5,2402,2,2,1,10
118000,1440,0,90,12108,4,1440,2,4,2,8
162900,1128,445,50,6240,7,1573,2,3,1,8
172500,1258,0,120,3922,5,1258,2,2,1,6
210000,933,975,60,8750,5,1908,2,4,1,8
127500,1689,0,20,9855,5,1689,1,3,1,7
190000,1888,0,20,16492,6,1888,2,2,1,6
199900,956,930,60,11214,5,1886,2,4,1,10
119500,780,596,50,8600,6,1376,2,3,1,7
120000,679,504,50,6000,7,1183,1,2,1,6
110000,813,0,30,5684,8,813,1,2,1,5
280000,1533,0,20,70761,5,1533,2,2,1,5
204000,888,868,60,9303,5,1756,2,3,1,7
210000,786,804,60,9000,5,1590,2,3,1,6
188000,1728,0,90,9297,5,1728,2,4,2,8
175500,1242,0,20,9600,6,1242,1,3,1,6
98000,624,720,70,4571,5,1344,1,4,1,7
256000,1663,0,20,53227,6,1663,1,2,1,6
161000,833,833,70,5100,7,1666,1,3,1,7
110000,979,224,50,7015,4,1203,1,3,1,5
263435,832,1103,60,8004,5,1935,2,3,1,8
155000,575,560,70,7200,9,1135,1,3,1,6
62383,864,0,20,8281,5,864,1,3,1,5
188700,849,811,70,11988,7,1660,1,3,1,6
124000,1040,0,20,8430,5,1040,2,3,1,5
178740,1414,0,120,3072,5,1414,2,2,1,6
167000,1277,0,20,10628,5,1277,1,2,1,5
146500,888,756,70,9480,7,1644,1,3,1,7
250000,1634,0,20,11428,5,1634,2,3,1,7
187000,832,878,60,9291,5,1710,2,3,1,7
212000,1502,0,120,6820,5,1502,1,1,1,4
190000,1161,808,60,11952,6,1969,2,3,1,8
148000,1072,0,180,3675,5,1072,1,2,1,5
440000,1976,0,20,14977,5,1976,2,2,1,7
251000,1652,0,120,5330,5,1652,2,2,1,6
132500,970,0,20,8480,6,970,1,2,1,5
208900,1493,0,20,13125,5,1493,2,3,1,7
380000,2069,574,60,13693,5,2643,2,3,1,9
297000,1718,0,20,10637,5,1718,2,3,1,7
89471,1131,0,30,5925,7,1131,1,2,1,7
326000,1850,0,20,16033,5,1850,2,3,1,8
374000,1792,0,20,11846,5,1792,2,2,1,6
155000,916,910,70,2500,8,1826,1,4,1,7
164000,1216,0,120,4500,5,1216,2,2,1,5
132500,999,0,20,7758,7,999,1,3,1,6
147000,1113,0,20,9600,7,1113,1,3,1,5
156000,1073,0,20,10289,7,1073,1,3,1,6
175000,1484,0,20,12243,6,1484,2,3,1,7
160000,1766,648,190,10800,4,2414,2,3,2,10
86000,630,0,180,1526,8,630,1,1,1,3
115000,616,688,160,2665,6,1304,1,3,1,4
133000,958,620,50,9490,7,1578,1,3,1,5
172785,728,728,60,15578,5,1456,2,3,1,8
155000,1269,0,20,7931,6,1269,1,3,1,6
91300,886,0,30,5784,8,886,1,2,1,4
34900,720,0,30,7879,5,720,1,2,1,4
430000,3228,0,20,12692,5,3228,3,4,1,10
184000,1133,687,50,9120,6,1820,2,4,1,8
130000,899,0,20,7800,7,899,1,3,1,5
120000,912,0,20,7535,7,912,1,2,1,5
113000,672,546,160,1890,5,1218,1,3,1,7
226700,866,902,60,9803,5,1768,2,3,1,7
140000,1214,0,20,9170,7,1214,1,2,1,6
289000,1801,0,20,15602,8,1801,2,1,1,6
147000,855,467,160,2308,5,1322,2,3,1,6
124500,960,1000,90,7596,5,1960,2,4,2,10
215000,1065,846,60,9554,5,1911,2,3,1,8
208300,1218,0,20,7862,5,1218,2,2,1,4
161000,689,689,70,9600,9,1378,2,3,1,7
124500,1041,0,20,9600,6,1041,1,3,1,6
164900,1363,0,20,14559,7,1363,1,2,1,6
202665,1368,0,120,6792,5,1368,2,2,1,6
129900,864,0,20,9100,5,864,1,3,1,5
134000,1080,0,20,9187,5,1080,1,3,1,5
96500,789,0,45,10594,5,789,1,2,1,5
402861,2020,0,20,12220,5,2020,2,3,1,9
158000,1378,741,80,10448,6,2119,2,3,1,7
265000,1277,1067,60,10208,5,2344,2,3,1,7
211000,882,914,60,9531,5,1796,2,3,1,7
234000,1276,804,70,10918,9,2080,1,3,1,9
106250,694,600,190,10800,7,1294,2,3,2,7
150000,1244,0,20,11988,6,1244,1,3,1,6
159000,1004,660,50,5000,7,1664,2,3,1,7
184750,3138,1538,60,40094,5,4676,3,3,1,11
315750,1383,1015,60,11787,5,2398,2,3,1,8
176000,1266,0,20,7500,5,1266,2,3,1,6
132000,928,0,20,13300,7,928,1,2,1,4
446261,1476,1237,60,14948,5,2713,2,3,1,11
86000,605,0,30,9098,7,605,1,2,1,5
200624,2515,0,20,32668,3,2515,3,4,2,9
175000,1509,0,80,10200,5,1509,2,3,1,5
128000,751,611,70,6155,8,1362,2,3,1,6
107500,827,0,20,7200,7,827,1,2,1,5
39300,334,0,20,5000,3,334,1,1,1,2
178000,707,707,60,9056,5,1414,2,3,1,6
107500,820,527,190,7000,7,1347,1,3,1,5
188000,880,844,60,8924,5,1724,2,3,1,8
111250,864,0,20,12735,5,864,1,3,1,5
158000,1159,0,20,11553,5,1159,1,3,1,7
272000,1601,0,20,11423,5,1601,2,3,1,6
315000,1838,0,20,14601,5,1838,2,2,1,8
248000,997,1288,60,11000,5,2285,2,4,1,8
213250,1680,0,20,10140,5,1680,2,3,1,7
133000,767,0,120,4058,5,767,1,1,1,4
179665,664,832,60,17104,5,1496,2,3,1,7
229000,1377,806,50,13837,5,2183,2,4,1,9
210000,915,720,50,8737,7,1635,1,3,1,6
129500,768,0,85,7244,7,768,1,2,1,5
125000,825,0,20,8235,7,825,1,2,1,4
263000,912,1182,60,9375,5,2094,2,4,1,8
140000,1069,0,120,4043,6,1069,2,2,1,4
112500,928,0,20,6000,6,928,1,3,1,5
255500,1717,0,20,11146,5,1717,2,3,1,7
108000,1126,0,20,8777,5,1126,2,2,1,5
284000,1006,1040,60,10625,5,2046,2,3,1,8
113000,1048,0,45,6380,6,1048,1,2,1,5
141000,1092,0,20,14850,5,1092,1,2,1,6
108000,897,439,50,11040,6,1336,1,3,1,7
175000,729,717,60,21872,5,1446,2,3,1,6
234000,1557,0,120,3196,5,1557,2,2,1,7
121500,1392,0,20,11341,6,1392,1,3,1,5
170000,1389,0,20,10010,5,1389,1,2,1,6
108000,996,0,30,13907,6,996,1,3,1,6
185000,1163,511,50,21780,7,1674,2,4,1,8
268000,1166,1129,60,13346,5,2295,2,4,1,9
128000,841,806,70,6858,4,1647,1,4,1,6
325000,1134,1370,60,11198,5,2504,2,4,1,11
214000,1535,0,20,10171,5,1535,2,3,1,7
316600,1496,636,50,12327,8,2132,1,1,1,5
135960,943,0,90,7032,5,943,1,2,1,4
142600,1728,0,90,13101,5,1728,2,6,2,10
120000,864,0,20,7332,6,864,1,2,1,4
224500,846,846,60,13159,5,1692,2,3,1,6
170000,774,656,80,9967,5,1430,2,3,1,8
139000,576,533,80,10500,7,1109,1,3,1,5
118500,832,384,50,8480,5,1216,1,2,1,6
145000,877,600,50,6292,7,1477,2,3,1,6
164500,1320,0,80,11777,6,1320,1,3,1,6
146000,703,689,160,3604,5,1392,2,2,1,5
131500,1050,745,50,12150,5,1795,2,4,1,7
181900,1429,0,20,14585,6,1429,1,3,1,7
253293,2042,0,20,12704,5,2042,2,3,1,8
118500,816,0,90,11841,5,816,1,3,1,5
325000,1521,1254,75,13500,9,2775,3,3,1,9
133000,989,584,50,6120,7,1573,1,3,1,6
369900,2028,0,20,11443,5,2028,2,2,1,7
130000,838,0,30,10267,7,838,1,2,1,5
137000,860,0,85,8740,6,860,1,2,1,4
143000,1473,0,20,25095,8,1473,1,1,1,5
79500,779,0,40,9100,6,935,1,2,1,4
185900,770,812,60,8320,5,1582,2,3,1,6
451950,1728,568,60,13478,5,2296,2,3,1,10
138000,816,0,20,6600,8,816,1,2,1,4
140000,848,0,120,4435,5,848,1,1,1,4
110000,924,0,20,7990,6,924,1,3,1,5
319000,1826,0,20,11302,5,1826,2,3,1,7
114504,684,684,70,3600,7,1368,1,3,1,7
194201,1402,0,120,3922,5,1402,0,2,1,7
217500,1647,0,20,12984,6,1647,2,3,1,7
151000,716,840,160,1950,6,1556,2,3,1,6
275000,1058,846,60,10927,5,1904,2,3,1,8
141000,780,595,50,9000,6,1375,1,3,1,6
220000,927,988,60,10041,5,1915,2,3,1,8
151000,600,600,160,3182,5,1200,2,2,1,4
221000,1494,0,20,12803,5,1494,2,3,1,6
205000,1186,800,60,13600,6,1986,2,3,1,7
152000,1040,0,20,12464,5,1040,1,3,1,6
225000,1112,896,20,7800,8,2008,3,3,1,8
359100,1940,1254,70,12168,6,3194,2,4,1,10
118500,1029,0,20,7943,5,1029,1,3,1,5
313000,1476,677,60,11050,5,2153,2,3,1,8
148000,1032,0,80,10395,6,1032,2,3,1,6
261500,1299,573,60,11885,5,1872,2,3,1,7
147000,1120,0,20,8402,5,1120,1,3,1,6
75500,630,0,180,1491,6,630,1,1,1,3
137500,1054,0,85,8800,7,1054,1,3,1,6
183200,807,702,60,7861,5,1509,2,3,1,7
105500,832,0,45,7227,6,832,1,2,1,4
314813,1828,0,20,11694,5,1828,2,3,1,9
305000,1482,780,60,12244,5,2262,2,4,1,10
67000,864,0,30,8248,3,864,1,2,1,5
240000,1548,1066,60,10800,7,2614,2,4,1,9
135000,980,0,20,7064,6,980,1,3,1,6
168500,756,756,160,2117,5,1512,2,2,1,4
165150,1012,778,60,10400,5,1790,1,4,1,8
160000,1116,0,20,10000,6,1116,1,3,1,5
139900,1422,0,20,12342,5,1422,1,3,1,6
153000,1520,0,80,9600,6,1520,1,3,1,7
135000,1040,1040,60,11606,5,2080,1,5,1,9
168500,1350,0,80,9020,5,1350,1,3,1,6
124000,1089,661,70,9000,6,1750,1,3,1,8
209500,1554,0,120,4590,5,1554,2,2,1,6
82500,1411,0,20,11900,5,1411,2,3,1,6
139400,1056,0,20,9250,7,1056,1,3,1,6
144000,1056,0,90,6979,5,1056,0,0,2,4
200000,1440,1440,190,10896,7,3395,2,8,2,14
60000,800,0,30,6120,3,800,1,1,1,4
93000,811,576,190,6000,4,1387,2,3,2,7
85000,796,0,30,8777,7,796,1,2,1,4
264561,1567,0,120,3982,5,1567,2,1,1,7
274000,1518,0,120,12677,5,1518,1,1,1,6
226000,1057,872,60,7050,5,1929,2,3,1,7
345000,2000,704,80,13860,7,2704,2,4,1,9
152000,780,840,60,10793,5,1620,2,4,1,7
370878,1766,0,20,9187,5,1766,2,2,1,7
143250,981,0,20,10530,5,981,1,3,1,5
98300,1048,0,20,7200,5,1048,1,3,1,7
155000,1094,0,20,10452,5,1094,1,3,1,5
155000,1051,788,60,7700,5,1839,1,4,1,7
84500,630,0,180,1936,6,630,1,1,1,3
205950,822,843,60,8125,6,1665,2,3,1,7
108000,755,755,70,9084,5,1510,1,4,1,7
191000,909,807,60,8750,5,1716,2,2,1,7
135000,756,713,50,10320,7,1469,1,3,1,7
350000,2113,0,20,10437,6,2113,2,2,1,7
88000,525,567,160,1680,5,1092,1,3,1,6
145500,1053,0,20,10007,7,1053,1,3,1,5
149000,851,651,70,7200,6,1502,1,3,1,6
97500,912,546,50,17503,5,1458,1,3,1,6
167000,1486,0,20,9937,7,1486,1,3,1,7
197900,1142,793,60,12384,7,1935,2,3,1,7
402000,1686,762,60,46589,7,2448,2,4,1,8
110000,1392,0,20,13560,3,1392,1,2,1,5
137500,1181,0,85,10012,5,1181,2,3,1,6
423000,2097,0,20,20896,5,2097,1,1,1,8
230500,1454,482,60,11194,5,1936,2,3,1,7
129000,1465,915,60,18450,5,2380,2,3,1,7
193500,1679,0,20,8125,5,1679,2,3,1,7
168000,1437,0,20,14175,6,1437,1,3,1,6
137500,1180,0,30,11600,5,1180,1,2,1,5
173500,738,738,60,8633,5,1476,2,3,1,7
103600,697,672,70,6629,6,1369,2,3,1,6
165000,1208,0,20,11250,6,1208,1,3,1,6
257500,1839,0,20,14442,7,1839,2,3,1,7
140000,1136,0,20,9200,6,1136,1,3,1,5
148500,855,586,160,2289,6,1441,2,3,1,7
87000,1095,679,70,9600,2,1774,2,4,2,8
109500,792,0,30,9022,8,792,1,2,1,5
372500,2046,0,20,11844,5,2046,2,3,1,7
128500,988,0,20,9945,5,988,1,3,1,5
143000,923,0,120,8012,5,923,2,2,1,5
159434,848,672,50,4500,5,1520,1,3,1,6
173000,1291,0,120,2887,5,1291,1,2,1,6
285000,1668,0,20,11248,5,1668,2,3,1,7
221000,1195,644,60,16770,5,1839,2,4,1,7
207500,1190,900,160,5062,5,2090,2,3,1,6
227875,874,887,60,10207,6,1761,3,3,1,7
148800,551,551,160,5105,5,1102,2,2,1,4
392000,1419,0,20,8089,6,1419,2,2,1,7
194700,1362,0,120,7577,5,1362,2,2,1,6
141000,848,0,120,4426,5,848,1,1,1,3
755000,2444,1872,60,21535,6,4316,3,4,1,10
335000,1238,1281,60,26178,5,2519,2,4,1,9
108480,1073,0,30,5400,6,1073,1,2,1,4
141500,1067,472,50,6120,6,1539,1,3,1,5
176000,1137,0,20,13811,6,1137,2,2,1,5
89000,616,0,30,6000,7,616,1,2,1,4
123500,1148,0,20,6420,7,1148,1,2,1,6
138500,894,0,20,8450,8,894,1,3,1,5
196000,1391,0,120,4282,5,1391,2,2,1,5
312500,1800,0,20,14331,5,1800,2,3,1,7
140000,1164,0,20,9600,5,1164,1,3,1,6
361919,1264,1312,60,12438,5,2576,2,4,1,10
140000,1032,780,190,7630,9,1812,2,4,2,8
213000,1484,0,20,8400,5,1484,2,3,1,7
55000,372,720,190,5600,5,1092,2,3,2,7
302000,1824,0,20,115149,5,1824,2,2,1,5
254000,1324,0,120,6240,5,1324,2,2,1,6
179540,728,728,60,9018,5,1456,2,3,1,8
109900,904,0,20,7162,7,904,1,3,1,6
52000,729,0,30,4130,6,729,1,2,1,5
102776,859,319,50,8712,7,1178,1,2,1,7
189000,1228,0,120,4671,5,1228,2,2,1,5
129000,960,0,190,9873,5,960,1,3,1,6
130500,725,754,60,13517,8,1479,2,3,1,6
165000,1350,0,20,10140,5,1350,2,3,1,7
159500,1576,978,70,10800,8,2554,1,3,1,8
157000,1178,0,20,10000,6,1178,1,3,1,5
341000,1325,1093,60,10542,5,2418,2,3,1,9
128500,971,0,20,9920,6,971,1,3,1,5
275000,1742,0,120,6563,5,1742,2,2,1,5
143000,848,0,120,4426,5,848,1,1,1,3
124500,864,0,20,8120,7,864,1,3,1,5
135000,997,473,50,8172,6,1470,2,4,1,7
320000,1698,0,20,13286,5,1698,2,3,1,8
120500,864,0,20,6960,6,864,1,3,1,5
222000,1680,0,20,21695,9,1680,2,3,1,5
194500,1232,0,20,7314,5,1232,2,2,1,6
110000,1776,0,90,11475,5,1776,2,4,2,9
103000,848,0,30,6240,5,1208,1,2,1,5
236500,1616,0,120,5389,5,1616,2,2,1,5
187500,1146,0,80,9590,5,1146,2,3,1,6
222500,1153,878,60,11404,5,2031,2,3,1,8
131400,1144,0,20,10000,6,1144,1,3,1,6
108000,948,0,20,8978,5,948,1,3,1,6
163000,880,888,75,10800,7,1768,1,2,1,6
93500,1040,0,90,8544,4,1040,2,2,2,6
239900,901,900,60,10463,5,1801,2,3,1,8
179000,1200,0,90,10800,5,1200,3,3,1,5
190000,864,864,60,9313,5,1728,2,3,1,7
132000,768,664,70,9600,7,1432,2,2,1,7
142000,912,0,20,6768,8,912,1,3,1,5
179000,1349,0,20,8450,5,1349,2,3,1,6
175000,1464,0,80,12886,6,1464,2,3,1,6
180000,1337,0,120,5395,5,1337,2,2,1,5
299800,1175,1540,60,8963,9,2715,3,4,1,11
236000,980,1276,60,8795,5,2256,2,4,1,8
265979,1320,1320,70,11700,7,2640,1,4,1,8
260400,1720,0,20,10593,5,1720,2,3,1,7
98000,1088,441,50,8405,3,1529,2,4,1,9
96500,792,348,50,8800,7,1140,1,3,1,7
162000,660,660,60,7750,5,1320,2,3,1,6
217000,1494,0,20,9236,5,1494,2,3,1,6
275500,1038,1060,60,10240,5,2098,2,3,1,8
156000,1026,0,20,7930,8,1026,1,3,1,5
172500,742,729,160,3230,5,1471,2,3,1,6
212000,866,902,60,10769,5,1768,2,3,1,7
158900,672,714,60,11616,5,1386,2,3,1,6
179400,757,744,160,2280,5,1501,2,3,1,6
290000,1328,1203,60,12257,5,2531,2,4,1,9
127500,864,0,20,9100,6,864,1,2,1,5
100000,1301,0,30,6911,5,1301,1,2,1,5
215200,764,783,60,8640,5,1547,2,3,1,7
337000,1268,1097,60,9430,5,2365,2,3,1,8
270000,1494,0,120,9549,5,1494,1,2,1,6
264132,1506,0,20,14587,5,1506,2,2,1,6
196500,980,734,60,10421,5,1714,2,3,1,7
160000,983,767,50,12508,7,1750,2,4,1,7
216837,1836,0,20,9100,5,1836,2,3,1,8
538000,1690,1589,60,53504,5,3279,3,4,1,12
134900,858,0,85,7252,5,858,1,2,1,5
102000,1220,0,20,8877,5,1220,1,2,1,6
107000,1117,0,80,7819,5,1117,1,3,1,6
114500,912,0,20,10150,5,912,1,2,1,5
395000,1973,0,20,14226,5,1973,2,3,1,9
162000,1204,0,120,4500,5,1204,2,2,1,5
221500,1614,0,20,11210,5,1614,2,3,1,7
142500,894,0,20,13350,5,894,1,3,1,5
144000,2020,0,90,8400,5,2020,2,4,2,10
135000,1004,0,90,10530,5,1004,1,2,1,4
176000,1253,0,20,7875,5,1253,2,3,1,6
175900,810,793,60,7153,5,1603,2,3,1,7
187100,1430,0,20,16285,5,1430,2,3,1,6
165500,1110,0,85,9101,6,1110,1,1,1,4
128000,742,742,75,6300,6,1484,2,3,1,9
161500,1342,0,20,9790,5,1342,2,3,1,7
139000,966,686,50,10800,6,1652,2,4,1,7
233000,956,1128,60,10142,5,2084,2,4,1,8
107900,901,0,20,6000,7,901,1,2,1,4
187500,976,1111,60,12205,8,2087,2,5,1,9
160200,1145,0,120,3182,5,1145,2,2,1,5
146800,1062,0,80,11333,5,1062,1,3,1,5
269790,1127,886,60,9920,5,2013,2,3,1,8
225000,1496,0,20,9158,5,1496,2,3,1,7
194500,1086,809,60,10832,5,1895,2,3,1,7
171000,888,676,60,8400,6,1564,2,3,1,7
143500,1285,0,20,8197,5,1285,1,3,1,7
110000,773,0,20,7677,5,773,1,2,1,4
485000,1966,1174,60,13518,5,3140,3,4,1,11
175000,981,787,50,7200,7,1768,1,3,1,7
200000,616,1072,60,12798,5,1688,2,4,1,8
109900,1196,0,30,4800,7,1196,1,2,1,5
189000,728,728,60,8199,5,1456,2,3,1,7
582933,1734,1088,60,13891,5,2822,3,4,1,12
118000,1128,0,20,9000,5,1128,1,2,1,5
227680,1428,0,20,12274,5,1428,2,3,1,6
135500,980,0,80,9750,5,980,2,3,1,6
223500,1072,504,70,21384,6,1576,1,3,1,6
159950,1086,0,80,13400,5,1086,1,3,1,6
106000,1075,1063,75,8100,5,2138,2,2,3,11
181000,1309,0,20,10140,6,1309,1,3,1,5
144500,848,0,120,4438,5,848,1,1,1,4
55993,1044,0,20,8712,5,1044,1,2,1,4
157900,1442,0,20,9750,6,1442,1,4,1,7
116000,686,564,50,8248,7,1250,1,3,1,7
224900,1661,0,20,12137,5,1661,2,3,1,6
137000,1008,0,20,11425,6,1008,1,2,1,4
271000,1689,0,20,13265,5,1689,2,3,1,7
155000,1052,0,80,8816,7,1052,1,3,1,6
224000,1358,0,120,6371,5,1358,2,2,1,6
183000,798,842,60,7226,5,1640,2,3,1,6
93000,936,0,20,6000,4,936,1,2,1,4
225000,847,886,60,12394,5,1733,2,3,1,7
139500,944,545,50,9900,7,1489,2,3,1,7
232600,1489,0,20,11216,5,1489,2,3,1,7
385000,2084,0,20,14803,5,2084,2,2,1,7
109500,784,0,45,6130,6,784,1,2,1,5
189000,1434,0,20,8529,5,1434,2,3,1,6
185000,1160,966,60,28698,5,2126,2,3,1,7
147400,520,623,160,2544,5,1223,2,2,1,4
166000,1392,0,20,11900,5,1392,1,3,1,6
151000,520,600,160,3180,5,1200,2,2,1,4
237000,941,888,60,9548,6,1829,2,3,1,7
167000,1516,0,20,10004,6,1516,1,3,1,6
139950,1144,0,20,7875,6,1144,1,3,1,6
128000,1067,0,20,9600,7,1067,2,2,1,4
153500,1559,0,30,8100,6,1559,1,2,1,5
100000,483,504,160,1680,5,987,1,2,1,5
144000,1099,0,20,9525,6,1099,1,3,1,6
130500,768,432,50,11767,6,1200,1,3,1,6
140000,810,672,70,12155,8,1482,2,4,1,7
157500,958,581,70,10440,8,1539,2,3,1,8
174900,1165,0,80,9020,7,1165,1,3,1,6
141000,1800,0,90,8000,4,1800,2,6,2,10
153900,876,540,50,12665,8,1416,1,4,1,7
171000,1701,0,85,16647,5,1701,2,3,1,6
213000,1006,769,60,9317,5,1775,2,3,1,7
133500,864,0,20,15523,6,864,1,3,1,5
240000,1307,1051,50,45600,8,2358,3,5,1,10
187000,1094,761,80,9600,7,1855,2,3,1,7
131500,848,0,120,4435,5,848,1,1,1,3
215000,1456,0,120,3196,5,1456,2,2,1,7
164000,918,728,75,7128,5,1646,2,4,1,7
158000,1445,0,80,12095,6,1445,1,3,1,7
170000,1779,0,20,17920,4,1779,1,3,1,6
127000,1040,0,20,6897,8,1040,1,3,1,6
147000,1026,0,80,10970,6,1026,1,3,1,5
174000,702,779,60,8125,5,1481,2,3,1,6
152000,1370,0,20,10400,5,1370,2,3,1,6
250000,1512,1142,60,11029,7,2654,2,4,1,9
189950,912,514,50,7642,8,1426,1,3,1,7
131500,1039,0,190,11625,4,1039,1,3,1,6
152000,1097,0,20,9672,5,1097,2,3,1,6
132500,1148,0,20,7931,5,1148,1,3,1,6
250580,1372,0,20,8640,5,1372,2,3,1,6
148500,1002,0,20,8750,6,1002,1,3,1,5
248900,1646,0,20,10656,5,1646,2,3,1,6
129000,1120,0,20,6970,5,1120,1,3,1,5
169000,1547,720,60,14762,6,2320,2,2,1,7
236000,1062,887,60,9938,5,1949,2,3,1,8
109500,894,0,20,6600,5,894,1,2,1,5
200500,804,878,60,8750,5,1682,2,3,1,7
116000,910,0,20,8892,7,910,1,3,1,5
133000,1036,0,40,12144,7,1268,1,3,1,6
66500,676,455,50,5720,6,1131,1,3,1,5
303477,1184,1426,60,9000,5,2610,2,4,1,11
132250,1040,0,20,25286,5,1040,1,3,1,5
350000,1462,762,60,8834,5,2224,2,4,1,10
148000,1155,0,85,11782,7,1155,1,3,1,6
136500,864,0,20,7000,8,864,1,3,1,6
157000,1090,0,20,7024,5,1090,1,2,1,5
187500,1187,530,50,13758,5,1717,2,3,1,7
178000,808,785,60,9636,5,1593,2,3,1,7
118500,954,795,75,6204,5,2230,1,5,1,10
100000,892,0,20,7150,5,892,1,3,1,5
328900,1709,0,120,5119,5,1709,2,2,1,5
145000,1712,0,90,8393,5,1712,2,4,2,8
135500,872,521,50,16466,7,1393,1,3,1,8
268000,2217,0,20,15865,6,2217,2,4,1,8
149500,1505,0,20,12160,4,1505,1,2,1,6
122900,672,252,50,8064,7,924,1,3,1,6
172500,918,765,60,11184,5,1683,2,3,1,7
154500,1068,0,20,8414,8,1068,1,3,1,6
165000,1383,0,20,13284,5,1383,1,3,1,6
118858,1535,0,90,7018,5,1535,2,4,2,8
140000,983,813,60,7056,5,1796,1,4,1,8
106500,951,0,30,8765,6,951,1,2,1,6
142953,1120,1120,90,7018,5,2240,2,6,2,12
611657,2364,0,20,12919,5,2364,2,2,1,11
135000,1236,0,20,6993,7,1236,1,3,1,6
110000,858,0,20,7340,6,858,1,2,1,4
153000,1306,0,20,8712,7,1306,1,2,1,5
180000,807,702,60,7875,5,1509,2,3,1,8
240000,1670,0,20,14859,5,1670,2,3,1,7
125500,902,0,20,6173,6,902,1,3,1,6
128000,1063,0,20,9920,5,1063,1,3,1,6
255000,1636,0,20,13501,5,1636,2,3,1,8
250000,1020,1037,50,11500,7,2057,1,3,1,6
131000,902,0,20,8885,5,902,1,2,1,5
174000,742,742,60,12589,5,1484,2,3,1,8
154300,1105,1169,90,11600,5,2274,2,5,2,12
143500,1268,0,20,9286,7,1268,1,3,1,5
88000,1015,0,30,6120,7,1015,1,3,1,6
145000,1001,1001,90,6270,6,2002,2,4,2,8
173733,612,612,160,3000,5,1224,2,2,1,4
75000,546,546,160,2001,5,1092,1,3,1,6
35311,480,0,20,9000,3,480,0,1,1,4
135000,1229,0,20,17140,6,1229,1,3,1,6
238000,912,1215,60,13125,5,2127,2,4,1,8
176500,1414,0,20,11029,8,1414,1,3,1,6
201000,936,785,60,8462,5,1721,2,3,1,7
145900,1272,928,90,8777,7,2200,2,4,2,9
169990,1316,0,20,10237,5,1316,2,3,1,6
193000,1617,0,120,8012,5,1617,2,2,1,5
207500,1686,0,20,10240,6,1686,2,3,1,7
175000,1126,0,20,15611,6,1126,2,3,1,6
285000,1234,1140,60,11999,5,2374,2,4,1,10
176000,1098,880,60,9900,5,1978,2,4,1,9
236500,1788,0,20,11838,5,1788,2,3,1,7
222000,993,1243,60,13006,5,2236,2,4,1,8
201000,1466,0,20,8925,5,1466,2,3,1,7
117500,925,0,20,9100,6,925,1,2,1,5
320000,1905,0,20,11670,5,1905,2,3,1,8
190000,1500,0,20,8487,5,1500,2,3,1,6
242000,2069,0,20,27650,7,2069,2,4,1,9
79900,747,0,30,5825,5,747,1,1,1,5
184900,1200,0,20,10083,5,1200,2,2,1,5
253000,1113,858,60,9675,5,1971,2,3,1,8
239799,1391,571,60,8760,5,1962,2,3,1,7
244400,1207,1196,70,24090,7,2403,2,4,1,10
150900,1728,0,90,12640,5,1728,2,4,2,8
214000,1022,1038,60,8755,5,2060,2,3,1,8
150000,1440,0,90,7711,3,1440,2,4,2,8
143000,1632,0,90,25000,4,1632,2,4,2,8
137500,1344,0,20,14375,6,1344,1,3,1,7
124900,1188,561,50,8820,6,1869,1,2,1,7
143000,1144,0,80,8163,6,1144,1,3,1,6
270000,1629,0,20,14536,5,1629,2,3,1,9
192500,936,840,60,14006,5,1776,2,3,1,7
197500,1381,0,20,9360,7,1381,1,3,1,5
129000,864,0,20,7200,8,864,1,3,1,5
119900,965,0,20,7800,5,965,1,3,1,6
133900,768,0,85,7200,8,768,1,2,1,5
172000,1168,800,60,11075,4,1968,2,4,1,7
127500,980,0,90,9400,5,980,2,4,0,4
145000,979,979,90,7136,6,1958,2,4,2,8
124000,561,668,160,1300,6,1229,1,2,1,5
132000,1057,0,20,7420,5,1057,1,3,1,6
185000,1337,0,20,8450,5,1337,2,3,1,6
155000,696,720,160,2572,5,1416,2,3,1,6
116500,858,0,20,7207,7,858,1,2,1,4
272000,1542,1330,60,12227,7,2872,2,4,1,11
155000,804,744,160,2308,6,1548,2,3,1,7
239000,1800,0,20,11923,5,1800,2,2,1,7
214900,824,1070,60,11316,5,1894,2,4,1,8
178900,783,701,60,10237,5,1484,2,3,1,8
160000,976,332,50,9600,7,1308,1,2,1,7
135000,1098,0,20,7390,7,1098,1,3,1,6
37900,600,368,50,5925,6,968,1,2,1,6
140000,1095,0,190,10382,5,1095,1,2,1,6
135000,720,472,50,10800,4,1192,1,4,1,6
173000,764,862,160,2268,5,1626,2,2,1,6
99500,918,0,120,7892,5,918,2,2,1,5
182000,1428,0,20,11639,5,1428,2,3,1,6
167500,1136,883,70,11414,8,2019,1,3,1,8
165000,673,709,160,2651,5,1382,2,3,1,6
85500,869,0,30,5900,7,869,1,2,1,4
199900,1241,0,120,4274,5,1241,1,1,1,4
110000,894,0,20,9450,5,894,1,3,1,5
139000,1121,0,20,8816,6,1121,1,3,1,5
178400,999,0,85,12122,9,999,1,3,1,6
336000,1276,1336,60,12203,5,2612,2,4,1,8
159895,1266,0,20,3182,5,1266,2,2,1,6
255900,1149,1141,60,11250,5,2290,2,4,1,9
126000,1302,432,90,10125,5,1734,2,4,2,8
125000,1164,0,190,10880,5,1164,1,3,1,5
117000,1001,634,50,5310,8,1635,1,2,1,5
395192,1940,0,20,10159,5,1940,2,3,1,8
195000,1118,912,60,12046,6,2030,2,4,1,8
197000,778,798,60,8125,5,1576,2,3,1,6
348000,1407,985,60,9452,5,2392,2,3,1,7
168000,916,826,70,17671,9,1742,1,4,1,8
187000,1020,831,60,9760,8,1851,2,3,1,7
173900,750,750,60,8846,5,1500,2,3,1,6
337500,1718,0,20,12456,5,1718,2,3,1,7
121600,774,456,50,4712,7,1230,1,3,1,5
136500,1050,0,20,10659,6,1050,1,3,1,6
185000,1442,0,20,11717,6,1442,2,2,1,6
91000,1077,0,30,9786,4,1077,1,3,1,6
206000,1208,0,20,6762,5,1208,2,2,1,6
82000,944,0,20,10206,3,944,1,2,1,4
86000,691,0,30,5400,6,691,1,2,1,4
232000,1574,0,20,11957,5,1574,2,3,1,7
136905,1680,0,90,11500,6,1680,2,4,2,8
181000,1504,0,120,3182,5,1504,2,1,1,7
149900,985,0,80,8385,8,985,2,3,1,6
163500,1657,0,20,12155,3,1657,2,3,1,7
88000,546,546,160,2217,4,1092,1,3,1,6
240000,1710,0,20,12118,5,1710,2,3,1,7
102000,1008,0,50,6000,5,1522,2,4,1,7
135000,720,551,50,21286,5,1271,2,4,1,7
100000,1664,0,90,9825,5,1664,2,4,2,8
165000,900,602,70,10592,7,1502,1,3,1,7
85000,1022,0,30,7200,4,1022,1,2,1,4
119200,1082,0,20,11664,5,1082,1,2,1,5
227000,810,855,60,8400,6,1665,2,3,1,6
203000,1504,0,20,11883,5,1504,2,3,1,6
187500,1360,0,120,5814,5,1360,1,1,1,4
160000,802,670,80,10784,5,1472,2,3,1,7
213490,1506,0,120,3013,5,1506,2,2,1,6
176000,1132,0,20,7024,5,1132,1,2,1,5
194000,1220,0,20,7406,5,1220,2,2,1,6
87000,912,336,50,9439,5,1248,1,2,1,6
191000,1504,0,120,3182,5,1504,2,2,1,7
287000,2898,0,20,15498,6,2898,2,2,1,10
112500,882,0,20,7700,5,882,1,3,1,5
167500,1264,0,20,9300,5,1264,1,3,1,6
293077,1646,0,20,9520,5,1646,2,3,1,7
105000,968,408,50,9492,5,1376,1,3,1,6
118000,672,546,160,1680,7,1218,1,3,1,7
160000,948,980,190,7082,8,1928,2,5,2,10
197000,1687,998,75,15863,3,3082,2,5,1,12
310000,1352,1168,60,14541,7,2520,2,5,1,10
230000,1654,0,20,8125,5,1654,2,3,1,6
119750,954,0,30,6305,7,954,1,2,1,5
84000,845,0,20,11500,3,845,1,3,1,5
315500,1620,0,20,12898,5,1620,2,2,1,6
287000,1055,1208,60,9240,5,2263,2,3,1,7
97000,798,546,160,1533,6,1344,1,3,1,6
80000,630,0,180,1477,4,630,1,1,1,3
155000,1803,0,20,13125,4,1803,2,3,1,8
173000,800,832,60,9130,8,1632,1,4,1,7
196000,1306,0,120,5381,5,1306,2,1,1,5
262280,1532,797,60,11839,5,2329,2,4,1,10
278000,2524,0,20,9600,5,2524,2,4,1,9
139600,1733,0,20,13680,5,1733,2,4,1,8
556581,1992,876,60,16056,5,2868,3,4,1,11
145000,990,0,20,9245,5,990,1,3,1,5
115000,1771,0,20,21750,4,1771,1,3,1,9
84900,930,0,20,11100,7,930,1,2,1,6
176485,1302,0,20,8993,5,1302,2,3,1,6
200141,1316,0,20,11175,5,1316,2,3,1,6
165000,1127,850,60,9500,6,1977,1,4,1,9
144500,1526,0,20,8562,6,1526,1,4,1,7
255000,1091,898,60,11367,5,1989,2,3,1,7
180000,1523,0,20,11361,5,1523,2,3,1,7
185850,1364,0,120,7052,5,1364,2,2,1,6
248000,979,871,60,29959,6,1850,2,3,1,7
335000,1130,1054,60,11308,5,2184,2,3,1,10
220000,1096,895,50,11275,7,1991,1,3,1,7
213500,1338,0,120,4920,5,1338,2,2,1,6
81000,894,0,30,18000,4,894,1,2,1,6
90000,1422,915,190,13600,5,2337,2,5,2,10
110500,1103,0,30,6000,6,1103,1,2,1,5
154000,1154,0,20,11000,6,1154,1,3,1,6
328000,1306,954,60,14000,5,2260,2,3,1,7
178000,799,772,60,7837,7,1571,2,3,1,7
167900,798,813,60,9760,6,1611,1,4,1,7
151400,1291,1230,160,3964,4,2521,2,5,1,10
135000,893,0,45,9600,7,893,1,2,1,4
135000,1048,0,20,10152,5,1048,1,3,1,6
154000,829,727,60,11700,6,1556,1,4,1,8
91500,1002,454,50,7585,3,1456,1,4,1,7
159500,698,728,60,7950,6,1426,1,3,1,6
194000,1240,0,20,8556,5,1240,2,2,1,5
219500,960,780,70,13125,6,1740,1,3,1,6
170000,1096,370,50,10800,8,1466,2,3,1,7
138800,1096,0,20,15870,5,1096,1,3,1,6
155900,848,0,120,4435,5,848,1,1,1,3
126000,990,0,20,8775,5,990,1,3,1,5
145000,1258,0,20,11040,7,1258,2,3,1,5
133000,1040,0,20,7500,5,1040,1,3,1,5
192000,1459,0,20,8749,5,1459,2,3,1,6
160000,1251,0,20,8800,6,1251,1,3,1,6
187500,691,807,60,13031,5,1498,2,3,1,6
147000,996,0,85,9069,6,996,1,2,1,5
83500,546,546,160,1974,5,1092,1,3,1,6
252000,1082,871,60,10574,5,1953,2,3,1,9
137500,970,739,160,2522,5,1709,2,3,1,7
197000,1247,0,120,3316,5,1247,1,1,1,4
92900,1040,0,90,8544,4,1040,2,2,2,6
160000,624,628,160,2160,5,1252,2,2,1,4
136500,1390,304,50,8400,5,1694,2,4,1,7
146000,1200,0,20,9230,8,1200,1,1,1,6
129000,936,0,20,5868,7,936,1,2,1,4
176432,1314,0,20,9317,5,1314,2,3,1,6
127000,773,582,70,6882,7,1355,1,3,1,7
170000,1088,0,120,3696,5,1088,1,2,1,5
128000,757,567,50,6000,6,1324,1,3,1,6
157000,1601,0,20,11880,5,1601,2,3,1,7
60000,438,0,30,8400,5,438,1,1,1,3
119500,950,0,20,9758,5,950,1,3,1,5
135000,1134,0,20,7000,7,1134,1,2,1,6
159500,1194,0,20,8910,6,1194,1,3,1,6
106000,630,672,160,2016,5,1302,2,3,1,6
325000,1500,1122,60,12256,5,2622,2,3,1,9
179900,1442,0,20,10357,5,1442,2,3,1,6
274725,887,1134,60,23257,5,2021,2,3,1,9
181000,948,742,60,8063,5,1690,2,3,1,7
280000,1836,0,20,11362,5,1836,2,3,1,7
188000,773,885,60,8000,5,1658,2,3,1,8
205000,1098,866,60,10480,6,1964,2,4,1,8
129900,816,0,20,7100,7,816,1,2,1,5
134500,1008,0,20,8923,7,1008,1,2,1,6
117000,833,0,20,5400,7,833,1,2,1,4
318000,1734,0,20,12085,5,1734,2,3,1,7
184100,779,640,80,7750,5,1419,2,3,1,7
130000,894,0,20,9764,7,894,1,3,1,5
140000,1021,580,80,13825,6,1601,1,3,1,6
133700,1040,0,20,7560,5,1040,1,3,1,6
118400,1012,0,30,8263,5,1012,1,2,1,6
212900,1552,0,20,10084,5,1552,2,3,1,7
112000,960,0,20,8926,3,960,1,3,1,5
118000,698,0,20,9405,9,698,1,2,1,4
163900,812,670,80,9125,5,1482,2,3,1,7
115000,1005,0,20,10434,5,1005,1,2,1,5
174000,1555,0,120,3684,5,1555,2,2,1,7
259000,1530,0,20,14572,5,1530,2,3,1,7
215000,847,1112,60,11796,5,1959,2,4,1,8
140000,936,0,90,7200,5,936,1,2,1,4
135000,1328,653,50,7804,3,1981,2,4,1,7
93500,974,0,20,10712,5,974,1,3,1,5
117500,1178,1032,70,9900,4,2210,2,5,1,8
239500,1142,878,60,9828,5,2020,2,3,1,8
169000,916,684,60,8773,5,1600,2,3,1,7
102000,986,0,30,6180,5,986,1,2,1,5
119000,1032,220,50,9600,5,1252,1,3,1,6
94000,780,240,50,6342,8,1020,1,2,1,6
196000,1567,0,20,9819,5,1567,2,2,1,5
144000,1167,0,30,8731,5,1167,1,3,1,6
139000,952,0,20,7350,7,952,1,2,1,4
197500,1088,780,60,10304,7,1868,2,4,1,9
424870,1466,1362,60,9965,5,2828,3,4,1,11
80000,1006,0,20,9000,3,1006,1,3,1,5
80000,672,252,190,12180,4,924,1,2,1,5
149000,1042,534,50,6240,6,1576,1,3,1,8
180000,1298,0,20,11200,5,1298,2,3,1,5
174500,860,704,70,12000,7,1564,1,3,1,7
116900,572,539,50,5700,7,1111,1,2,1,5
143000,832,650,70,9000,9,1482,1,3,1,7
124000,932,0,20,8280,5,932,1,2,1,4
149900,1466,0,20,17755,4,1466,1,3,1,6
230000,1811,0,20,14115,7,1811,1,2,1,6
120500,816,0,30,5890,8,816,1,2,1,5
201800,902,918,60,13700,6,1820,1,4,1,8
218000,1437,0,20,10768,8,1437,2,3,1,6
179900,1265,0,80,9350,8,1265,2,3,1,6
230000,1314,0,120,5001,5,1314,2,2,1,6
235128,1580,0,20,11932,5,1580,2,3,1,7
185000,943,933,60,9120,6,1876,2,4,1,8
146000,855,601,160,2280,5,1456,2,3,1,7
224000,1640,0,20,14778,7,1640,1,3,1,7
129000,894,0,20,8724,5,894,1,3,1,5
108959,1258,0,90,12900,4,1258,0,0,2,6
194000,1432,0,80,16157,7,1432,1,2,1,5
233170,1502,0,20,9541,5,1502,2,3,1,7
245350,1694,0,20,10475,5,1694,2,3,1,7
173000,959,712,60,10852,5,1671,2,3,1,7
235000,1236,872,70,13728,7,2108,2,4,1,7
625000,1831,1796,60,35760,5,3627,3,4,1,10
171000,1118,0,80,9880,6,1118,1,3,1,6
163000,1261,0,20,9120,6,1261,1,3,1,6
171900,625,625,160,4017,5,1250,2,2,1,5
200500,1636,971,50,18030,6,3086,3,3,1,12
239000,1170,1175,70,16560,8,2345,2,4,1,9
285000,2129,743,50,10678,5,2872,2,4,1,9
119500,923,0,20,6951,5,923,1,3,1,5
115000,818,406,50,3950,8,1224,1,3,1,5
154900,820,523,50,7681,6,1343,1,3,1,7
93000,1124,0,20,8335,5,1124,1,3,1,5
250000,1298,1216,60,11170,5,2514,2,4,1,8
392500,1652,0,120,5587,5,1652,2,2,1,5
745000,2411,2065,60,15623,5,4476,3,4,1,10
120000,1130,0,30,10800,6,1130,1,2,1,5
186700,1572,0,20,35133,4,1572,1,3,1,5
104900,949,272,50,9738,7,1221,1,4,1,7
95000,1014,685,190,10615,5,1699,2,3,2,7
262000,1624,0,20,12461,5,1624,2,2,1,5
195000,831,829,60,8935,5,1660,2,3,1,7
189000,1028,776,60,7500,5,1804,2,3,1,7
168000,1622,0,190,32463,4,1622,1,3,1,7
174000,764,677,160,2645,5,1441,2,2,1,5
125000,842,630,50,9600,8,1472,1,3,1,6
165000,1224,0,120,4500,5,1224,2,2,1,5
158000,663,689,60,9364,7,1352,1,4,1,7
176000,728,728,60,8029,5,1456,2,3,1,8
219210,879,984,60,14054,5,1863,2,4,1,9
144000,815,875,75,8850,6,1690,1,3,1,7
178000,1212,0,20,9100,5,1212,2,3,1,6
148000,1382,0,20,11235,5,1382,1,3,1,6
116050,864,0,20,9353,5,864,1,3,1,5
197900,866,913,60,10400,5,1779,2,3,1,6
117000,884,464,50,6000,8,1348,1,3,1,5
213000,1630,0,20,9750,5,1630,2,3,1,6
153500,1074,0,20,10140,6,1074,1,3,1,6
271900,2196,0,20,14684,7,2196,2,3,1,7
107000,1056,0,20,8900,4,1056,1,2,1,5
200000,1700,0,20,9135,5,1700,2,3,1,7
140000,1283,0,20,7763,7,1283,1,3,1,6
290000,1660,0,20,10182,5,1660,2,3,1,8
189000,1055,790,60,11218,5,1845,2,3,1,8
164000,1080,672,50,12134,7,1752,2,4,1,8
113000,672,0,30,9340,6,672,1,2,1,4
145000,960,0,80,10246,9,960,0,0,1,3
134500,999,0,85,10205,5,999,1,3,1,6
125000,894,0,20,7094,5,894,1,3,1,5
112000,1318,584,90,8930,5,1902,2,4,2,8
229456,1314,0,20,8640,5,1314,2,3,1,6
80500,672,240,50,6240,5,912,1,2,1,3
91500,672,546,160,1680,5,1218,1,3,1,7
115000,912,0,20,7800,5,912,1,2,1,5
134000,1211,0,20,8250,5,1211,1,3,1,5
143000,1168,678,50,10496,6,1846,2,3,1,7
137900,2136,0,20,10680,3,2136,2,4,1,7
184000,788,702,60,15384,5,1490,2,3,1,8
145000,1138,0,80,10482,8,1138,1,3,1,6
214000,894,1039,60,14598,5,1933,2,4,1,9
147000,912,0,20,8872,8,912,1,2,1,5
367294,1702,0,120,8769,5,1702,1,1,1,7
127000,1507,0,80,7910,5,1507,2,4,1,7
190000,1361,1259,90,18890,5,2620,2,4,2,12
132500,1190,0,90,7728,6,1190,1,3,1,6
101800,1224,0,90,9842,5,1224,2,2,2,6
142000,1188,0,20,12160,5,1188,1,3,1,6
130000,1024,940,70,8525,6,1964,1,4,1,7
138887,892,892,70,13132,5,1784,1,4,1,9
175500,764,862,160,2628,5,1626,2,2,1,6
195000,847,1101,60,12393,5,1948,2,4,1,8
142500,1141,0,20,13072,5,1141,1,3,1,6
265900,1484,0,20,9037,5,1484,2,2,1,6
224900,884,884,60,8158,5,1768,2,3,1,8
248328,1689,0,20,9849,6,1689,2,3,1,7
170000,1173,0,85,10625,6,1173,2,3,1,6
465000,2076,0,20,13891,5,2076,2,2,1,7
230000,792,725,70,11435,7,1517,1,3,1,7
178000,1140,728,80,12090,7,1868,3,3,1,7
186500,756,797,60,8125,5,1553,2,3,1,6
169900,1034,0,80,12328,5,1034,1,3,1,6
129500,1134,924,75,9600,5,2058,1,3,1,8
119000,988,0,20,7200,7,988,1,3,1,6
244000,2110,0,20,11160,5,2110,2,3,1,8
171750,1405,0,120,3136,5,1405,2,2,1,6
130000,874,0,20,9858,6,874,1,3,1,5
294000,1516,651,60,17542,7,2167,2,3,1,9
165400,760,896,60,6931,5,1656,2,3,1,7
127500,959,408,50,6240,6,1367,1,3,1,6
301500,1987,0,20,14303,5,1987,2,2,1,7
99900,864,0,30,4060,8,864,1,2,1,4
190000,1166,0,80,9587,5,1166,2,2,1,5
151000,1054,0,20,9750,8,1054,1,3,1,6
181000,892,783,60,24682,5,1675,2,3,1,7
128900,1050,0,20,9600,6,1050,1,2,1,5
161500,1104,684,50,11250,5,1788,1,5,1,8
180500,1060,764,70,13515,6,1824,1,3,1,8
181000,1337,0,120,4060,5,1337,2,2,1,5
183900,713,739,160,3735,5,1452,2,3,1,6
122000,964,925,190,10120,4,1889,1,4,2,9
378500,2018,0,20,13214,5,2018,2,3,1,10
381000,1968,1479,50,14100,9,3447,3,4,1,11
144000,874,650,50,11344,5,1524,1,3,1,7
260000,1332,192,40,23595,6,1524,0,0,1,4
185750,1489,0,20,9156,7,1489,2,3,1,7
137000,935,0,20,13526,6,935,1,3,1,5
177000,1357,0,80,11512,7,1357,1,2,1,5
139000,661,589,50,5362,6,1250,2,3,1,8
137000,928,992,90,11345,5,1920,2,4,2,10
162000,735,660,60,12936,6,1395,1,3,1,6
197900,1724,0,80,17871,5,1724,1,3,1,7
237000,1128,903,60,9473,5,2031,2,3,1,7
68400,698,430,50,7500,4,1128,1,2,1,6
227000,1573,0,20,9808,5,1573,2,3,1,6
180000,1339,0,20,8049,5,1339,2,2,1,6
150500,1040,0,20,8800,7,1040,2,3,1,5
139000,912,912,90,9400,5,1824,2,4,2,8
169000,1699,748,50,9638,7,2447,2,4,1,10
132500,825,587,50,6000,6,1412,1,4,1,6
143000,1328,0,20,9790,5,1328,1,3,1,6
190000,1582,0,20,36500,5,1582,2,4,1,7
278000,1659,0,120,5664,5,1659,2,2,1,5
281000,1120,850,60,11065,5,1970,2,3,1,8
180500,1152,0,80,14112,7,1152,1,3,1,6
119500,630,672,160,1680,7,1302,2,3,1,6
107500,1378,994,70,6600,4,2372,2,4,2,11
162900,832,832,60,10140,5,1664,2,4,1,8
115000,864,0,20,8172,7,864,1,2,1,5
138500,1052,0,20,8400,5,1052,1,3,1,5
155000,1128,0,20,8700,6,1128,2,3,1,6
140000,1072,0,180,3675,5,1072,2,2,1,5
160000,4692,950,60,63887,5,5642,2,3,1,12
154000,1246,0,20,7500,7,1246,1,3,1,6
225000,1005,978,60,10762,5,1983,2,3,1,9
177500,753,741,70,7500,7,1494,1,3,1,7
290000,1203,1323,60,10120,5,2526,2,4,1,8
232000,1616,0,20,8688,5,1616,2,3,1,7
130000,976,732,160,3363,5,1708,2,3,1,7
325000,1652,0,20,13173,5,1652,2,2,1,6
202500,1368,0,120,6955,5,1368,2,2,1,6
138000,990,0,20,8072,5,990,1,3,1,5
147000,1122,0,20,12000,7,1122,1,2,1,6
179200,1294,0,20,7153,5,1294,2,3,1,6
335000,1902,0,20,17500,8,1902,2,3,1,7
203000,1274,0,20,8814,5,1274,2,3,1,6
302000,1453,1357,60,9572,5,2810,2,4,1,9
333168,1422,1177,60,14774,5,2599,2,4,1,10
119000,948,0,20,8190,6,948,1,3,1,5
206900,1092,1020,60,11075,5,2112,2,4,1,9
295493,1630,0,20,10226,5,1630,2,3,1,8
208900,1352,0,120,4230,5,1352,2,2,1,5
275000,1787,0,20,14781,5,1787,2,3,1,7
111000,948,0,20,10215,5,948,1,3,1,5
156500,1478,0,20,8400,3,1478,1,3,1,6
72500,720,0,20,6627,6,720,1,2,1,4
190000,1061,862,60,10186,5,1923,2,3,1,8
82500,708,0,30,5330,7,708,1,2,1,5
147000,1795,0,20,9986,5,1795,2,2,1,7
55000,796,0,30,3636,4,796,1,2,1,5
79000,774,0,30,4270,6,774,1,3,1,6
130500,816,0,20,6600,9,816,1,3,1,5
256000,1584,1208,50,10440,7,2792,2,5,1,8
176500,955,677,60,9084,5,1632,2,3,1,8
227000,1588,0,20,10000,5,1588,2,3,1,7
132500,954,0,80,10780,5,954,1,3,1,6
100000,816,0,20,8877,6,816,1,2,1,3
125500,803,557,50,7200,6,1360,1,2,1,6
125000,765,600,160,2368,6,1365,1,3,1,7
167900,1334,0,20,9650,5,1334,2,2,1,6
135000,1656,0,90,9246,5,1656,2,4,2,8
52500,693,0,30,4118,4,693,1,2,1,4
200000,920,941,60,13450,5,1861,2,3,1,8
128500,864,0,20,9560,7,864,1,3,1,5
123000,872,0,20,8294,5,872,1,3,1,5
155000,1114,0,20,13695,5,1114,1,3,1,6
228500,1284,885,60,9375,5,2169,2,3,1,7
177000,1172,741,50,7558,6,1913,1,3,1,9
155835,728,728,60,11103,5,1456,2,3,1,8
108500,960,0,30,6000,4,960,1,2,1,5
262500,2156,0,20,20781,7,2156,2,3,1,9
283463,1776,0,20,15306,5,1776,2,3,1,7
215000,1494,0,20,16196,5,1494,2,3,1,5
122000,938,1215,70,5250,5,2358,2,4,1,8
200000,1338,1296,90,11643,5,2634,2,6,2,12
171000,858,858,60,9247,6,1716,1,4,1,8
134900,786,390,50,6000,9,1176,1,2,1,4
410000,2053,1185,50,14720,5,3238,2,4,1,9
235000,992,873,60,10316,5,1865,2,3,1,7
170000,1222,698,80,10192,6,1920,3,4,1,8
110000,892,0,20,9477,5,892,1,3,1,5
149900,1078,0,20,12537,6,1078,1,3,1,6
177500,769,804,160,2117,5,1573,2,3,1,5
315000,1980,0,20,16737,5,1980,2,3,1,8
189000,990,1611,70,9842,6,2601,3,4,1,8
260000,1530,0,20,16158,5,1530,2,3,1,7
104900,1281,457,50,12513,4,1738,2,4,1,7
156932,616,796,60,8499,5,1412,2,3,1,6
144152,520,600,160,3180,5,1200,2,2,1,4
216000,814,860,60,7500,5,1674,2,3,1,7
193000,882,908,60,9179,5,1790,2,3,1,7
127000,925,550,160,2665,6,1475,2,4,1,6
144000,848,0,120,4435,5,848,1,1,1,4
232000,1668,0,20,10635,5,1668,2,3,1,8
105000,840,534,50,5400,6,1374,1,2,1,6
165500,1661,0,80,9600,6,1661,1,3,1,8
274300,1108,989,60,9750,6,2097,2,3,1,8
466500,2633,0,20,11400,5,2633,2,2,1,8
250000,1026,932,60,10625,5,1958,2,3,1,9
239000,1571,0,20,10991,5,1571,2,3,1,7
91000,790,0,30,6292,5,790,1,2,1,4
117000,984,620,50,10998,5,1604,2,3,1,6
83000,483,504,160,1953,5,987,1,2,1,5
167500,754,640,80,9735,5,1394,2,3,1,7
58500,864,0,30,8212,3,864,1,2,1,5
237500,2117,0,20,12925,7,2117,2,4,1,7
157000,998,764,70,7200,7,1762,1,4,1,8
112000,1416,0,30,25339,7,1416,2,3,1,7
105000,698,560,50,9060,5,1258,1,2,1,6
125500,796,358,50,5436,8,1154,1,3,1,7
250000,1392,1392,60,16692,5,2784,3,5,1,12
136000,1664,862,50,8520,7,2526,2,5,1,10
377500,1746,0,20,14892,5,1746,2,3,1,7
131000,869,349,50,6000,6,1218,1,3,1,6
235000,1525,0,20,9100,5,1525,2,3,1,6
124000,1584,0,90,8944,5,1584,2,4,2,8
123000,900,0,85,7838,5,900,1,3,1,6
163000,1221,691,190,10800,7,1912,2,3,2,7
246578,1500,0,120,4045,5,1500,2,2,1,6
281213,1133,1349,60,12665,5,2482,2,4,1,9
160000,1687,0,20,57200,5,1687,1,3,1,7
137500,939,574,70,6120,8,1513,1,4,1,8
138000,1136,768,50,7200,4,1904,1,3,1,7
137450,1160,448,50,6171,6,1608,2,3,1,7
120000,950,208,50,6000,7,1158,1,3,1,5
193000,864,729,60,7415,5,1593,2,3,1,8
193879,1294,0,20,6762,5,1294,2,2,1,6
282922,1464,0,20,15256,5,1464,2,3,1,6
105000,694,520,50,10410,4,1214,1,3,1,6
275000,1646,0,120,3842,5,1646,2,2,1,5
133000,768,0,85,8445,7,768,1,2,1,5
112000,833,0,20,8780,5,833,1,3,1,5
125500,741,622,70,7740,7,1363,1,3,1,6
215000,1236,857,60,20544,6,2093,2,3,1,7
230000,944,896,60,12420,5,1840,2,3,1,6
140000,1112,556,50,9600,8,1668,1,3,1,6
90000,1040,0,90,7200,5,1040,2,2,2,6
257000,1844,0,20,10994,5,1844,2,2,1,7
207000,1053,795,50,13053,7,1848,1,4,1,8
175900,1569,0,120,3635,5,1569,2,1,1,7
122500,1246,1044,190,11340,6,2290,2,4,2,11
340000,1310,1140,60,16545,5,2450,2,3,1,7
124000,1144,0,20,9204,5,1144,1,3,1,6
223000,1844,0,20,16381,5,1844,2,3,1,7
179900,708,708,60,11700,6,1416,2,3,1,7
127500,1069,0,120,4043,5,1069,2,2,1,4
136500,848,0,120,4435,5,848,1,1,1,3
274970,1575,626,80,19690,7,2201,2,4,1,8
144000,1344,0,20,9503,5,1344,1,2,1,6
142000,1252,0,20,10721,6,1252,1,3,1,7
271000,1223,904,60,10944,5,2127,2,3,1,5
140000,1048,510,50,10930,6,1558,1,3,1,6
119000,804,0,30,7200,7,804,1,2,1,4
182900,1440,0,20,12546,7,1440,2,3,1,7
192140,734,1104,60,21930,5,1838,2,4,1,7
143750,958,0,120,4928,6,958,2,2,1,5
64500,968,0,30,10800,6,968,2,4,1,5
186500,962,830,60,10261,5,1792,2,3,1,8
160000,1126,0,20,17400,5,1126,2,3,1,5
174000,1537,0,20,8400,9,1537,1,3,1,7
120500,864,0,20,9000,6,864,1,3,1,5
394617,1932,0,20,12444,5,1932,2,2,1,7
149700,1236,0,20,7407,7,1236,1,2,1,6
197000,1040,685,60,11584,6,1725,2,3,1,6
191000,1423,748,70,11526,7,2555,2,3,1,11
149300,848,0,120,4426,5,848,1,1,1,3
310000,1026,981,60,11003,5,2007,2,3,1,10
121000,952,0,30,8854,6,952,1,2,1,4
179600,1422,0,20,8500,5,1422,2,3,1,7
129000,913,0,85,8400,5,913,1,3,1,6
157900,1188,0,20,26142,7,1188,1,3,1,6
240000,1220,870,60,10000,5,2090,2,3,1,8
112000,796,550,50,11767,7,1346,1,2,1,6
92000,630,0,180,1533,7,630,1,1,1,3
136000,896,896,90,9000,5,1792,2,4,2,8
287090,1578,0,20,9262,5,1578,2,3,1,7
145000,1072,0,180,3675,5,1072,1,2,1,5
84500,1140,0,20,17217,5,1140,1,3,1,6
185000,1221,0,20,7500,5,1221,2,2,1,6
175000,953,694,60,7917,5,1647,2,3,1,7
210000,2073,0,20,13175,6,2073,2,3,1,7
266500,1188,1152,70,9042,9,2340,2,4,1,9
142125,1078,0,20,9717,6,1078,1,2,1,5
147500,1256,0,20,9937,6,1256,1,3,1,6
